,Decade,Female %
0,1900,4.918032786885246
1,1910,1.639344262295082
2,1920,3.278688524590164
3,1930,4.918032786885246
4,1940,4.918032786885246
5,1950,0.0
6,1960,4.918032786885246
7,1970,6.557377049180328
8,1980,6.557377049180328
9,1990,11.475409836065573
10,2000,18.0327868852459
11,2010,21.311475409836063
12,2020,11.475409836065573
